LOCALITE,Code Postal,NOM,POPULATION,SUPERFICIE,LOCTYPE,PROVINCE
AISEAU-PRESLES ,6250,Commune d'Aiseau-Presles,10978,2300,Commune,Hainaut
AMAY ,4540,Commune d'Amay,14531,2760,Commune/Village,Liège
AMEL  ,4770,Commune d'Amel (Amblève),5612,12514,Commune/Village,Liège
ANDENNE ,5300,Ville d'Andenne,28187,8617,Ville/Village,Namur
ANDERLUES ,6150,Commune d'Anderlues,12809,1702,Commune/Village,Hainaut
ANHEE ,5537,Commune d'Anhée,7135,6788,Commune/Village,Namur
ANS ,4430,Ville de Ans,28989,2335,Commune/Village,Liège
ANTHISNES ,4160,Commune d'Anthisnes,4220,3707,Commune/Village,Liège
ANTOING ,7640,Ville d'Antoing,7623,3113,Ville/Village,Hainaut
ARLON ,6700,Ville d'Arlon,31310,11623,Ville/Village,Luxembourg
ASSESSE ,5330,Commune d'Assesse,7325,7815,Commune/Village,Namur
ATH ,7800,Ville d'Ath,30048,12694,Ville/Village,Hainaut
ATTERT ,6717,Commune d'Attert,5797,7093,Commune/Village,Luxembourg
ATHUS ,6791,Ville d'Aubange,17845,4559,Village,Luxembourg
AUBEL ,4880,Commune d'Aubel,4252,1883,Commune/Village,Liège
AWANS ,4340,Commune d'Awans,9344,2740,Commune/Village,Liège
AYWAILLE ,4920,Commune d'Aywaille,12880,8004,Commune/Village,Liège
BAELEN ,4837,Commune de Baelen,4487,8289,Commune/Village,Liège
BASSENGE ,4690,Commune de Bassenge,9028,3817,Commune/Village,Liège
BASTOGNE ,6600,Ville de Bastogne,20665,26369,Ville/Village,Luxembourg
BEAUMONT ,6500,Ville de Beaumont,7140,9297,Ville/Village,Hainaut
BEAURAING ,5570,Ville de Beauraing,9490,17454,Ville/Village,Namur
BEAUVECHAIN ,1320,Commune de Beauvechain,7233,3859,Commune/Village,Brabant wallon
QUEVAUCAMPS ,7972,Commune de Beloeil,14244,6154,Commune,Hainaut
BERLOZ ,4257,Commune de Berloz,3344,1449,Commune/Village,Liège
BERNISSART ,7320,Commune de Bernissart,11878,4342,Commune/Village,Hainaut
BERTRIX ,6880,Commune de Bertrix,9017,13770,Commune/Village,Luxembourg
BEYNE-HEUSAY ,4610,Commune de Beyne-Heusay,12018,732,Commune/Village,Liège
BIEVRE ,5555,Commune de Bièvre,3476,10958,Commune/Village,Namur
BINCHE ,7130,Ville de Binche,33651,6066,Ville/Village,Hainaut
BLEGNY ,4670,Commune de Blegny,13482,2607,Commune,Liège
BOUILLON ,6830,Ville de Bouillon,5377,14908,Ville,Luxembourg
BOUSSU ,7300,Commune de Boussu,20283,2001,Commune/Village,Hainaut
BRAINE-L'ALLEUD ,1420,Commune de Braine-l'Alleud,40461,5211,Commune/Village,Brabant wallon
BRAINE-LE-CHATEAU ,1440,Commune de Braine-le-Château,10646,2269,Commune/Village,Brabant wallon
BRAINE-LE-COMTE ,7090,Ville de Braine-le-Comte,23443,8468,Ville/Village,Hainaut
BRAIVES ,4260,Commune de Braives,6554,4399,Commune/Village,Liège
BRUGELETTE ,7940,Commune de Brugelette,3853,2840,Commune/Village,Hainaut
BLEHARIES,7620,Commune de Brunehaut,8099,4610,Commune,Hainaut
BÜLLINGEN ,4760,Commune de Büllingen,5544,15048,Commune/Village,Liège
BURDINNE ,4210,Commune de Burdinne,3295,3256,Commune/Village,Liège
BURG-REULAND ,4790,Commune de Burg-Reuland,3961,10895,Commune,Liège
BÜTGENBACH ,4750,Commune de Bütgenbach,5652,9731,Commune/Village,Liège
CELLES ,7760,Commune de Celles,5722,6713,Commune/Village,Hainaut
CERFONTAINE,5630,Commune de Cerfontaine,4991,8345,Commune/Village,Namur
CHAPELLE-LEZ-HERLAIMONT ,7160,Commune de Chapelle-lez-Herlaimont,14839,1809,Commune/Village,Hainaut
CHARLEROI ,6000,Ville de Charleroi,204322,10207,Ville/Village,Hainaut
CHASTRE ,1450,Commune de Chastre,7728,3127,Commune,Brabant wallon
CHATELET ,6200,Ville de Châtelet,35595,2703,Ville/Village,Hainaut
EMBOURG ,4053,Commune de Chaudfontaine,20600,2551,Commune,Liège
CHAUMONT-GISTOUX ,1325,Commune de Chaumont-Gistoux,11818,4808,Commune/Village,Brabant wallon
CHIEVRES,7950,Ville de Chièvres,7168,4691,Ville/Village,Hainaut
CHIMAY,6460,Ville de Chimay,9691,19710,Ville/Village,Hainaut
JAMOIGNE,6810,Ville de Chiny,5308,11369,Ville/Village,Luxembourg
CINEY,5590,Ville de Ciney,17183,14756,Ville/Village,Namur
CLAVIER,4560,Commune de Clavier,4946,7925,Commune/Village,Liège
COLFONTAINE,7340,Commune de Colfontaine,20745,1361,Commune,Hainaut
COMBLAIN-AU-PONT,4170,Commune de Comblain-au-Pont,5319,2267,Commune/Village,Liège
COMINES-WARNETON ,7780,Ville de Comines-Warneton,18391,6109,Ville,Hainaut
COURCELLES,6180,Commune de Courcelles,31337,4423,Commune/Village,Hainaut
COURT-SAINT-ETIENNE,1490,Commune de Court-Saint-Etienne,10854,2664,Commune/Village,Brabant wallon
COUVIN,5660,Ville de Couvin,13907,20692,Ville/Village,Namur
CRISNEE,4367,Commune de Crisnée,3539,1683,Commune/Village,Liège
BERNEAU,4607,Commune de Dalhem,7712,3605,Commune/Village,Liège
HAUT-FAYS,6929,Commune de Daverdisse,1426,5640,Commune/Village,Luxembourg
DINANT,5500,Ville de Dinant,13328,9980,Ville/Village,Namur
DISON,4820,Commune de Dison,15260,1400,Commune/Village,Liège
DOISCHE,5680,Commune de Doische,2952,8401,Commune/Village,Namur
DONCEEL,4357,Commune de Donceel,3119,2330,Commune/Village,Liège
DOUR,7370,Commune de Dour,16567,3331,Commune/Village,Hainaut
BARVAUX,6940,Ville de Durbuy,11506,15751,Ville/Village,Luxembourg
ECAUSSINNES,7190,Commune d'Ecaussinnes,11572,3477,Commune,Hainaut
EGHEZEE,5310,Commune d'Eghezée,16866,10280,Commune/Village,Namur
ELLEZELLES,7890,Commune d'Ellezelles,5970,4473,Commune/Village,Hainaut
ENGHIEN,7850,Ville d'Enghien,14509,4059,Ville/Village,Hainaut
ENGIS,4480,Commune d'Engis,6296,2774,Commune/Village,Liège
EREZEE ,6997,Commune d'Erezée,3345,7843,Commune/Village,Luxembourg
ERQUELINNES ,6560,Commune d'Erquelinnes,10039,4422,Commune/Village,Hainaut
ESNEUX,4130,Commune d'Esneux,12827,3404,Commune/Village,Liège
ESTAIMPUIS,7730,Commune d'Estaimpuis,10748,3175,Commune/Village,Hainaut
ESTINNES-AU-MONT ,7120,Commune d'Estinnes,7955,7272,Commune,Hainaut
ETALLE,6740,Commune d'Etalle,6024,7810,Commune/Village,Luxembourg
EUPEN ,4700,Ville d'Eupen,20093,10426,Ville/Village,Liège
FAIMES,4317,Commune de Faimes,4128,2847,Commune,Liège
FARCIENNES,6240,Commune de Farciennes,11394,1038,Commune/Village,Hainaut
FAUVILLERS,6637,Commune de Fauvillers,2453,7411,Commune/Village,Luxembourg
FERNELMONT,5380,Commune de Fernelmont,8210,6560,Commune,Namur
FERRIERES,4190,Commune de Ferrières,5122,5690,Commune/Village,Liège
FEXHE-LE-HAUT-CLOCHER,4347,Commune de Fexhe-le-Haut-Clocher,3426,1925,Commune/Village,Liège
FLEMALLE-HAUTE,4400,Commune de Flémalle,27002,3668,Commune/Village,Liège
FLERON,4620,Commune de Fléron,16380,1372,Commune/Village,Liège
FLEURUS,6220,Ville de Fleurus,22915,5928,Ville/Village,Hainaut
FLOBECQ,7880,Commune de Flobecq,3434,2300,Commune/Village,Hainaut
FLOREFFE,5150,Commune de Floreffe,8082,3889,Commune/Village,Namur
FLORENNES,5620,Commune de Florennes,11378,13354,Commune/Village,Namur
FLORENVILLE,6820,Ville de Florenville,5787,14691,Ville/Village,Luxembourg
FONTAINE-L'EVÊQUE,6140,Ville de Fontaine-l'Evêque,18122,2840,Ville/Village,Hainaut
FOSSES-LA-VILLE,5070,Ville de Fosses-la-Ville,10418,6323,Ville/Village,Namur
FRAMERIES ,7080,Commune de Frameries,21671,2594,Commune/Village,Hainaut
FRASNES-LEZ-ANVAING ,7910,Commune de Frasnes-lez-Anvaing,12134,11244,Commune,Hainaut
FROIDCHAPELLE ,6440,Commune de Froidchapelle,4084,8602,Commune/Village,Hainaut
GEDINNE,5575,Commune de Gedinne,4681,15155,Commune/Village,Namur
GEER,4250,Commune de Geer,3558,2362,Commune/Village,Liège
GEMBLOUX,5030,Ville de Gembloux,26496,9586,Ville/Village,Namur
GENAPPE,1470,Ville de Genappe,16068,9152,Ville/Village,Brabant wallon
GERPINNES,6280,Commune de Gerpinnes,12863,4710,Commune/Village,Hainaut
GESVES,5340,Commune de Gesves,7481,6491,Commune/Village,Namur
GOUVY,6671,Commune de Gouvy,5474,16511,Commune,Luxembourg
GRÂCE-HOLLOGNE,4460,Commune de Grâce-Hollogne,23261,3423,Commune/Village,Liège
GREZ-DOICEAU,1390,Commune de Grez-Doiceau,14064,5544,Commune/Village,Brabant wallon
HABAY-LA-NEUVE,6720,Commune de Habay,8723,10364,Commune,Luxembourg
HAMOIR,4180,Commune de Hamoir,3780,2780,Commune/Village,Liège
EMPTINNE,5363,Commune de Hamois,7469,7641,Commune/Village,Namur
HAM-SUR-HEURE-NALINNES,6120,Commune de Ham-sur-Heure-Nalinnes,13825,4567,Commune,Hainaut
HANNUT,4280,Ville de Hannut,17134,8653,Ville/Village,Liège
HASTIERE-LAVAUX,5540,Commune de Hastière,6148,5646,Commune,Namur
HAVELANGE,5370,Commune de Havelange,5428,10473,Commune/Village,Namur
HELECINE,1357,Commune de Hélécine,3848,1662,Commune,Brabant wallon
HENSIES,7350,Commune de Hensies,6816,2599,Commune/Village,Hainaut
HERBEUMONT,6887,Commune de Herbeumont,1750,5880,Commune/Village,Luxembourg
COUTHUIN,4218,Commune de Héron,5598,3831,Commune,Liège
HERSTAL,4040,Ville d'Herstal,40814,2354,Ville,Liège
HERVE,4650,Ville de Herve,17850,5683,Ville/Village,Liège
HONNELLES,7387,Commune de Honnelles,5176,4365,Commune,Hainaut
HOTTON,6990,Commune de Hotton,5706,5731,Commune/Village,Luxembourg
HOUFFALIZE ,6660,Ville de Houffalize,5307,16657,Ville/Village,Luxembourg
HOUYET ,5560,Commune de Houyet,5183,12231,Commune/Village,Namur
HUY,4500,Ville de Huy,21706,4774,Ville/Village,Liège
INCOURT,1315,Commune d'Incourt,5662,3879,Commune/Village,Brabant wallon
ITTRE,1460,Commune d'Ittre,7013,3492,Commune/Village,Brabant wallon
JALHAY ,4845,Commune de Jalhay,8777,10789,Commune/Village,Liège
JEMEPPE-SUR-SAMBRE,5190,Commune de Jemeppe-sur-Sambre,19225,4679,Commune,Namur
JODOIGNE,1370,Ville de Jodoigne,14899,7331,Ville/Village,Brabant wallon
JUPRELLE,4450,Commune de Juprelle,9733,3535,Commune/Village,Liège
JURBISE,7050,Commune de Jurbise,10868,5785,Commune/Village,Hainaut
KELMIS,4720,Commune de Kelmis,11352,1812,Commune/Village,Liège
RHISNES,5080,Commune de La Bruyère,9351,5824,Commune,Namur
LA HULPE,1310,Commune de La Hulpe,7530,1559,Commune/Village,Brabant wallon
LA LOUVIERE,7100,Ville de La Louvière,81241,6416,Ville/Village,Hainaut
LA ROCHE-EN-ARDENNE,6980,Ville de La Roche-en-Ardenne,4100,14752,Ville/Village,Luxembourg
LASNE,1380,Commune de Lasne,14198,4721,Commune,Brabant wallon
LE ROEULX,7070,Ville du Roeulx,8708,4279,Ville/Village,Hainaut
LEGLISE ,6860,Commune de Léglise,5839,17292,Commune/Village,Luxembourg
LENS,7870,Commune de Lens,4636,4942,Commune/Village,Hainaut
FRASNES-LEZ-GOSSELIES ,6210,Commune de Les Bons Villers,9586,4255,Commune,Hainaut
LESSINES,7860,Ville de Lessines,18735,7228,Ville/Village,Hainaut
LEUZE-EN-HAINAUT,7900,Ville de Leuze-en-Hainaut,14201,7353,Ville,Hainaut
LIBIN,6890,Commune de Libin,5351,13972,Commune/Village,Luxembourg
LIBRAMONT-CHEVIGNY,6800,Commune de Libramont-Chevigny,11972,17786,Commune,Luxembourg
LIEGE,4000,Ville de Liège,195778,6939,Ville,Liège
LIERNEUX,4990,Commune de Lierneux,3644,9207,Commune/Village,Liège
LIMBOURG,4830,Ville de Limbourg,5654,2462,Ville/Village,Liège
LINCENT,4287,Commune de Lincent,3375,1474,Commune/Village,Liège
LOBBES,6540,Commune de Lobbes,5949,3208,Commune/Village,Hainaut
LONTZEN,4710,Commune de Lontzen,6058,2873,Commune/Village,Liège
MALMEDY,4960,Ville de Malmedy,12950,9996,Ville/Village,Liège
MANAGE,7170,Commune de Manage,24108,1940,Commune/Village,Hainaut
MANHAY,6960,Commune de Manhay,3715,11980,Commune,Luxembourg
MARCHE-EN-FAMENNE,6900,Ville de Marche-en-Famenne,17972,12140,Ville/Village,Luxembourg
MARCHIN,4570,Commune de Marchin,5612,3000,Commune/Village,Liège
MARTELANGE,6630,Commune de Martelange,2064,2967,Commune/Village,Luxembourg
MEIX-DEVANT-VIRTON,6769,Commune de Meix-devant-Virton,2819,5419,Commune/Village,Luxembourg
MERBES-LE-CHÂTEAU,6567,Commune de Merbes-le-Château,4171,3024,Commune/Village,Hainaut
MESSANCY,6780,Commune de Messancy,8549,5243,Commune/Village,Luxembourg
METTET,5640,Commune de Mettet,13529,11678,Commune/Village,Namur
MODAVE,4577,Commune de Modave,4207,4037,Commune/Village,Liège
MOMIGNIES,6590,Commune de Momignies,5234,8557,Commune/Village,Hainaut
MONS,7000,Ville de Mons,96358,14699,Ville/Village,Hainaut
AMOUGIES,7750,Commune de Mont-de-l'Enclus,3879,2689,Commune,Hainaut
MONTIGNY-LE-TILLEUL,6110,Commune de Montigny-le-Tilleul,10141,1509,Commune/Village,Hainaut
MONT-SAINT-GUIBERT,1435,Commune de Mont-Saint-Guibert,8407,1863,Commune/Village,Brabant wallon
MORLANWELZ ,7140,Commune de Morlanwelz,19172,2022,Commune,Hainaut
MOUSCRON,7700,Ville de Mouscron,59987,4007,Ville/Village,Hainaut
MUSSON,6750,Commune de Musson,4668,3481,Commune/Village,Luxembourg
NAMUR,5000,Ville de Namur,114142,17569,Ville/Village,Namur
NANDRIN,4550,Commune de Nandrin,5745,3589,Commune/Village,Liège
NASSOGNE ,6950,Commune de Nassogne,5735,11196,Commune/Village,Luxembourg
NEUFCHATEAU ,6840,Ville de Neufchâteau,8260,11379,Ville/Village,Luxembourg
ROTHEUX-RIMIERE,4120,Commune de Neupré,10010,3169,Commune,Liège
NIVELLES,1400,Ville de Nivelles,29070,6060,Ville/Village,Brabant wallon
OHEY,5350,Commune d'Ohey,5226,5662,Commune/Village,Namur
OLNE,4877,Commune d'Olne,4142,1598,Commune/Village,Liège
ONHAYE,5520,Commune d'Onhaye,3231,6553,Commune/Village,Namur
OREYE,4360,Commune d'Oreye,4028,1963,Commune/Village,Liège
ORP-JAUCHE,1350,Commune d'Orp-Jauche,9094,5049,Commune,Brabant wallon
OTTIGNIES-LOUVAIN-LA-NEUVE,1340,Ville d'Ottignies-Louvain-la-Neuve,31648,3397,Ville,Brabant wallon
OUFFET,4590,Commune d'Ouffet,2788,4021,Commune/Village,Liège
Oupeye (Haccourt),4684,Commune d'Oupeye,25743,3611,Commune,Liège
PALISEUL,6850,Commune de Paliseul,5530,11295,Commune/Village,Luxembourg
PECQ,7740,Commune de Pecq,5966,3290,Commune/Village,Hainaut
PEPINSTER,4860,Commune de Pepinster,9274,2479,Commune/Village,Liège
PERUWELZ,7600,Ville de Péruwelz,17318,6055,Ville/Village,Hainaut
PERWEZ,1360,Commune de Perwez,9704,5081,Commune/Village,Brabant wallon
PHILIPPEVILLE,5600,Ville de Philippeville,9521,15671,Ville/Village,Namur
PLOMBIERES,4850,Commune de Plombières,10771,5316,Commune,Liège
PONT-A-CELLES,6230,Commune de Pont-à-Celles,17650,5573,Commune/Village,Hainaut
PROFONDEVILLE ,5170,Commune de Profondeville,12318,5034,Commune/Village,Namur
QUAREGNON,7390,Commune de Quaregnon,18959,1097,Commune/Village,Hainaut
GIVRY ,7041,Commune de Quévy,8168,6515,Commune,Hainaut
QUIEVRAIN,7380,Commune de Quiévrain,6865,2122,Commune/Village,Hainaut
RAEREN,4730,Commune de Raeren,11136,7421,Commune/Village,Liège
GEROMPONT,1367,Commune de Ramillies,6700,4868,Commune,Brabant wallon
REBECQ,1430,Commune de Rebecq,11133,3907,Commune,Brabant wallon
REMICOURT,4350,Commune de Remicourt,6009,2258,Commune/Village,Liège
RENDEUX,6987,Commune de Rendeux,2707,6883,Commune/Village,Luxembourg
RIXENSART,1330,Commune de Rixensart,23096,1754,Commune/Village,Brabant wallon
ROCHEFORT ,5580,Ville de Rochefort,12716,16527,Ville/Village,Namur
DAMPICOURT,6767,Commune de Rouvroy,2144,3048,Commune,Luxembourg
RUMES,7618,Commune de Rumes,5351,2371,Commune,Hainaut
SAINTE-ODE,6680,Commune de Sainte-Ode,2720,9786,Commune,Luxembourg
SAINT-GEORGES-SUR-MEUSE,4470,Commune de Saint-Georges-sur-Meuse,7230,2089,Commune/Village,Liège
TERTRE,7330,Ville de Saint-Ghislain,23743,7017,Ville,Hainaut
SAINT-HUBERT ,6870,Ville de Saint-Hubert,5693,11115,Ville/Village,Luxembourg
SAINT-LEGER,6747,Commune de Saint-Léger,3716,3586,Commune/Village,Luxembourg
SAINT-NICOLAS,4420,Commune de Saint-Nicolas,24491,684,Commune/Village,Liège
SAMBREVILLE,5060,Commune de Sambreville,28615,3419,Commune,Namur
SANKT VITH,4780,Ville de Sankt Vith (Saint-Vith),10071,14692,Ville/Village,Liège
SENEFFE,7180,Commune de Seneffe,11624,6276,Commune/Village,Hainaut
SERAING,4100,Ville de Seraing,64266,3533,Ville/Village,Liège
SILLY,7830,Commune de Silly,8475,6768,Commune/Village,Hainaut
SIVRY-RANCE,6470,Commune de Sivry-Rance,4871,7296,Commune,Hainaut
SOIGNIES,7060,Ville de Soignies,29032,11030,Ville/Village,Hainaut
SOMBREFFE,5140,Commune de Sombreffe,8388,3577,Commune/Village,Namur
BAILLONVILLE,5377,Commune de Somme-Leuze,6099,9509,Commune/Village,Namur
SOUMAGNE,4630,Commune de Soumagne,17351,2713,Commune/Village,Liège
SPA,4900,Ville de Spa,9812,3984,Commune/Village,Liège
SPRIMONT,4140,Commune de Sprimont,15141,7650,Commune/Village,Liège
STAVELOT,4970,Ville de Stavelot,7271,8507,Ville/Village,Liège
STOUMONT,4987,Commune de Stoumont,3150,10844,Commune/Village,Liège
TELLIN,6927,Commune de Tellin,2539,5663,Commune/Village,Luxembourg
TENNEVILLE,6970,Commune de Tenneville,2881,9180,Commune/Village,Luxembourg
THEUX,4910,Commune de Theux,12052,8336,Commune/Village,Liège
THIMISTER-CLERMONT,4890,Commune de Thimister-Clermont,5587,2869,Commune,Liège
THUIN,6530,Ville de Thuin,14871,7617,Ville/Village,Hainaut
TINLOT,4557,Commune de Tinlot,2777,3771,Commune,Liège
TINTIGNY,6730,Commune de Tintigny,4605,8179,Commune,Luxembourg
TOURNAI,7500,Ville de Tournai,68554,21375,Ville/Village,Hainaut
TROIS-PONTS,4980,Commune de Trois-Ponts,2547,6889,Commune,Liège
TROOZ,4870,Commune de Trooz,8058,2419,Commune,Liège
TUBIZE ,1480,Ville de Tubize,28381,3266,Commune/Village,Brabant wallon
VAUX-SUR-SÛRE ,6640,Commune de Vaux-sur-Sûre,6269,13586,Commune/Village,Luxembourg
VERLAINE,4537,Commune de Verlaine,4361,2421,Commune/Village,Liège
VERVIERS,4800,Ville de Verviers,55770,3307,Ville/Village,Liège
VIELSALM,6690,Commune de Vielsalm,7940,13976,Commune/Village,Luxembourg
VILLERS-LA-VILLE,1495,Commune de Villers-la-Ville,11114,4745,Commune/Village,Brabant wallon
VILLERS-LE-BOUILLET,4530,Commune de Villers-le-Bouillet,6836,3270,Commune/Village,Liège
NISMES,5670,Commune de Viroinval,5649,12089,Commune,Namur
VIRTON,6760,Ville de Virton,11368,9449,Ville/Village,Luxembourg
VISE,4600,Ville de Visé,18154,2799,Ville/Village,Liège
VRESSE-SUR-SEMOIS,5550,Commune de Vresse-sur-Semois,2470,10103,Commune,Namur
WAIMES,4950,Commune de Waimes,7563,9719,Commune/Village,Liège
WALCOURT,5650,Ville de Walcourt,18465,12318,Ville/Village,Namur
WALHAIN,1457,Commune de Walhain,7607,3793,Commune,Brabant wallon
WANZE ,4520,Commune de Wanze,14010,4395,Commune/Village,Liège
WAREMME ,4300,Ville de Waremme,15489,3104,Ville/Village,Liège
WASSEIGES,4219,Commune de Wasseiges,3138,2444,Commune/Village,Liège
WATERLOO,1410,Commune de Waterloo,30596,2102,Commune/Village,Brabant wallon
WAVRE,1300,Ville de Wavre,35558,4180,Ville/Village,Brabant wallon
WELKENRAEDT,4840,Commune de Welkenraedt,10464,2446,Commune/Village,Liège
WELLIN,6920,Commune de Wellin,3147,6751,Commune/Village,Luxembourg
YVOIR,5530,Commune d'Yvoir,9136,5683,Commune/Village,Namur
